                  epoch,         train/box_loss,         train/cls_loss,         train/dfl_loss,   metrics/precision(B),      metrics/recall(B),       metrics/mAP50(B),    metrics/mAP50-95(B),           val/box_loss,           val/cls_loss,           val/dfl_loss,                 lr/pg0,                 lr/pg1,                 lr/pg2
                      0,                 2.8913,                 2.6889,                 2.6772,                0.45726,                0.66393,                0.48865,                0.21827,                 1.9213,                 2.0101,                 1.5296,             0.00065854,             0.00065854,             0.00065854
                      1,                 2.5617,                 2.0446,                 2.2456,                0.44138,                0.68033,                0.42925,                0.19836,                   1.87,                 1.6186,                 1.6137,              0.0013121,              0.0013121,              0.0013121
